,L2_code,L2_name,L1_code,L1_name,L3_code,L3_name
1,AFRMWI312,Balaka,AFRMWI3,Southern,AFRMWI31201,TA Msamala
2,AFRMWI312,Balaka,AFRMWI3,Southern,AFRMWI31204,TA Kalembo
3,AFRMWI312,Balaka,AFRMWI3,Southern,AFRMWI31220,Balaka Boma
4,AFRMWI303,Zomba,AFRMWI3,Southern,AFRMWI30301,TA Kuntumanji
5,AFRMWI303,Zomba,AFRMWI3,Southern,AFRMWI30302,TA Mwambo
6,AFRMWI303,Zomba,AFRMWI3,Southern,AFRMWI30304,TA Chikowi
7,AFRMWI303,Zomba,AFRMWI3,Southern,AFRMWI30305,STA Mbiza
8,AFRMWI303,Zomba,AFRMWI3,Southern,AFRMWI30306,TA Mlumbe
9,AFRMWI303,Zomba,AFRMWI3,Southern,AFRMWI30307,TA Malemia
10,AFRMWI303,Zomba,AFRMWI3,Southern,AFRMWI30399,Lake Chilwa
11,AFRMWI303,Zomba,AFRMWI3,Southern,AFRMWI30303,TA Mkumbira
12,AFRMWI314,Zomba City,AFRMWI3,Southern,AFRMWI31431,Mbedza Ward
13,AFRMWI314,Zomba City,AFRMWI3,Southern,AFRMWI31432,Mtiya Ward
14,AFRMWI314,Zomba City,AFRMWI3,Southern,AFRMWI31433,Masondola Ward
15,AFRMWI314,Zomba City,AFRMWI3,Southern,AFRMWI31434,Chikamveka Ward
16,AFRMWI314,Zomba City,AFRMWI3,Southern,AFRMWI31435,Chikamveka NorthWard
17,AFRMWI314,Zomba City,AFRMWI3,Southern,AFRMWI31436,Chilunga East Ward
18,AFRMWI314,Zomba City,AFRMWI3,Southern,AFRMWI31437,Chilunga  Ward
19,AFRMWI307,Thyolo,AFRMWI3,Southern,AFRMWI30701,TA Nsabwe
20,AFRMWI307,Thyolo,AFRMWI3,Southern,AFRMWI30721,Luchenza Township
21,AFRMWI205,Salima,AFRMWI2,Central,AFRMWI20501,TA Maganga
22,AFRMWI205,Salima,AFRMWI2,Central,AFRMWI20502,TA Karonga
23,AFRMWI205,Salima,AFRMWI2,Central,AFRMWI20503,TA Pemba
24,AFRMWI205,Salima,AFRMWI2,Central,AFRMWI20504,STA Kambwiri
25,AFRMWI205,Salima,AFRMWI2,Central,AFRMWI20505,TA Ndindi
26,AFRMWI308,Mulanje,AFRMWI3,Southern,AFRMWI30805,TA Nkanda
27,AFRMWI308,Mulanje,AFRMWI3,Southern,AFRMWI30806,TA Juma
28,AFRMWI308,Mulanje,AFRMWI3,Southern,AFRMWI30807,Mulanje Mountain Reserve
29,AFRMWI210,Lilongwe City,AFRMWI2,Central,AFRMWI21054,Area 24
30,AFRMWI314,Zomba City,AFRMWI3,Southern,AFRMWI31438,Likangal North Ward
31,AFRMWI314,Zomba City,AFRMWI3,Southern,AFRMWI31439,Zakazaka Ward
32,AFRMWI301,Mangochi,AFRMWI3,Southern,AFRMWI30120,Mangochi Township
33,AFRMWI314,Zomba City,AFRMWI3,Southern,AFRMWI31440,Zomba Central Ward
34,AFRMWI307,Thyolo,AFRMWI3,Southern,AFRMWI30720,Thyolo Boma
35,AFRMWI210,Lilongwe City,AFRMWI2,Central,AFRMWI21055,Area 25
36,AFRMWI210,Lilongwe City,AFRMWI2,Central,AFRMWI21056,Area 26
37,AFRMWI210,Lilongwe City,AFRMWI2,Central,AFRMWI21057,Area 27
38,AFRMWI210,Lilongwe City,AFRMWI2,Central,AFRMWI21058,Area 28
39,AFRMWI210,Lilongwe City,AFRMWI2,Central,AFRMWI21059,Area 29
40,AFRMWI314,Zomba City,AFRMWI3,Southern,AFRMWI31441,Chambo Ward
41,AFRMWI314,Zomba City,AFRMWI3,Southern,AFRMWI31442,Sadzi Ward
42,AFRMWI314,Zomba City,AFRMWI3,Southern,AFRMWI31443,Likangala Central Ward
43,AFRMWI314,Zomba City,AFRMWI3,Southern,AFRMWI31444,Likangala South Ward
44,AFRMWI307,Thyolo,AFRMWI3,Southern,AFRMWI30702,STA Thukuta
45,AFRMWI307,Thyolo,AFRMWI3,Southern,AFRMWI30703,STA Mbawela
46,AFRMWI307,Thyolo,AFRMWI3,Southern,AFRMWI30704,STA Chingata
47,AFRMWI307,Thyolo,AFRMWI3,Southern,AFRMWI30705,STA Mphuka
48,AFRMWI307,Thyolo,AFRMWI3,Southern,AFRMWI30706,STA Kwethemule
49,AFRMWI307,Thyolo,AFRMWI3,Southern,AFRMWI30707,TA Kapichi
50,AFRMWI307,Thyolo,AFRMWI3,Southern,AFRMWI30708,TA Nchilamwela
51,AFRMWI307,Thyolo,AFRMWI3,Southern,AFRMWI30709,TA Chimaliro
52,AFRMWI307,Thyolo,AFRMWI3,Southern,AFRMWI30710,TA Bvumbwe
53,AFRMWI307,Thyolo,AFRMWI3,Southern,AFRMWI30711,TA Thomas
54,AFRMWI203,Ntchisi,AFRMWI2,Central,AFRMWI20320,Ntchisi Boma
55,AFRMWI209,Ntcheu,AFRMWI2,Central,AFRMWI20901,TA Phambala
56,AFRMWI101,Chitipa,AFRMWI1,Northern,AFRMWI10105,TA Kameme
57,AFRMWI205,Salima,AFRMWI2,Central,AFRMWI20506,TA Kambalame
58,AFRMWI205,Salima,AFRMWI2,Central,AFRMWI20507,TA Khombedza
59,AFRMWI209,Ntcheu,AFRMWI2,Central,AFRMWI20902,TA Mpando
60,AFRMWI209,Ntcheu,AFRMWI2,Central,AFRMWI20903,TA Kwataine
61,AFRMWI209,Ntcheu,AFRMWI2,Central,AFRMWI20904,STA Makwangwala
62,AFRMWI209,Ntcheu,AFRMWI2,Central,AFRMWI20905,STA Champiti
63,AFRMWI209,Ntcheu,AFRMWI2,Central,AFRMWI20906,TA Njolomole
64,AFRMWI209,Ntcheu,AFRMWI2,Central,AFRMWI20907,TA Chakhumbira
65,AFRMWI209,Ntcheu,AFRMWI2,Central,AFRMWI20908,STA Goodson Ganya
66,AFRMWI209,Ntcheu,AFRMWI2,Central,AFRMWI20909,TA Masasa
67,AFRMWI302,Machinga,AFRMWI3,Southern,AFRMWI30220,Machinga Boma
68,AFRMWI101,Chitipa,AFRMWI1,Northern,AFRMWI10106,Nyika National Park-Chitipa
69,AFRMWI205,Salima,AFRMWI2,Central,AFRMWI20508,STA Mwanza
70,AFRMWI205,Salima,AFRMWI2,Central,AFRMWI20509,STA Kuluunda
71,AFRMWI205,Salima,AFRMWI2,Central,AFRMWI20510,STA Msosa
72,AFRMWI205,Salima,AFRMWI2,Central,AFRMWI20511,Lake Malawi National Park-Salima
73,AFRMWI205,Salima,AFRMWI2,Central,AFRMWI20520,Salima Township
74,AFRMWI104,Rumphi,AFRMWI1,Northern,AFRMWI10401,TA Chikulamayembe
75,AFRMWI101,Chitipa,AFRMWI1,Northern,AFRMWI10120,Chitipa Boma
76,AFRMWI304,Chiradzulu,AFRMWI3,Southern,AFRMWI30401,TA Mpama
77,AFRMWI104,Rumphi,AFRMWI1,Northern,AFRMWI10402,TA Mwamlowe
78,AFRMWI310,Chikhwawa,AFRMWI3,Southern,AFRMWI31008,Lengwe National Park
79,AFRMWI310,Chikhwawa,AFRMWI3,Southern,AFRMWI31009,Majete Game Rserve-Chikhawa
80,AFRMWI104,Rumphi,AFRMWI1,Northern,AFRMWI10403,S/C Mwahenga
81,AFRMWI104,Rumphi,AFRMWI1,Northern,AFRMWI10404,S/C Mwalweni
82,AFRMWI104,Rumphi,AFRMWI1,Northern,AFRMWI10405,S/C Kachulu
83,AFRMWI209,Ntcheu,AFRMWI2,Central,AFRMWI20920,Ntcheu Boma
84,AFRMWI311,Nsanje,AFRMWI3,Southern,AFRMWI31101,TA Ndamera
85,AFRMWI104,Rumphi,AFRMWI1,Northern,AFRMWI10406,S/C Chapinduka
86,AFRMWI104,Rumphi,AFRMWI1,Northern,AFRMWI10407,S/C Mwankhunikira
87,AFRMWI104,Rumphi,AFRMWI1,Northern,AFRMWI10408,TA Katumbi
88,AFRMWI104,Rumphi,AFRMWI1,Northern,AFRMWI10409,S/C Zolokere
89,AFRMWI104,Rumphi,AFRMWI1,Northern,AFRMWI10410,Nyika National Park
90,AFRMWI104,Rumphi,AFRMWI1,Northern,AFRMWI10411,Vwaza Game Reserve
91,AFRMWI104,Rumphi,AFRMWI1,Northern,AFRMWI10420,Rumphi Boma
92,AFRMWI309,Phalombe,AFRMWI3,Southern,AFRMWI30901,TA Mkhumba
93,AFRMWI309,Phalombe,AFRMWI3,Southern,AFRMWI30920,Phalombe
94,AFRMWI311,Nsanje,AFRMWI3,Southern,AFRMWI31120,Nsanje Boma
95,AFRMWI309,Phalombe,AFRMWI3,Southern,AFRMWI30902,TA Nazombe
96,AFRMWI309,Phalombe,AFRMWI3,Southern,AFRMWI30903,STA Chiwalo (STA Chiwalo) (TA Nazom
97,AFRMWI203,Ntchisi,AFRMWI2,Central,AFRMWI20301,TA Kasakula
98,AFRMWI203,Ntchisi,AFRMWI2,Central,AFRMWI20302,TA Chikho
99,AFRMWI203,Ntchisi,AFRMWI2,Central,AFRMWI20304,TA Kalumo
100,AFRMWI203,Ntchisi,AFRMWI2,Central,AFRMWI20303,STA Nthondo
101,AFRMWI203,Ntchisi,AFRMWI2,Central,AFRMWI20305,STA Chilooko
102,AFRMWI311,Nsanje,AFRMWI3,Southern,AFRMWI31102,TA Chimombo
103,AFRMWI202,Nkhotakota,AFRMWI2,Central,AFRMWI20220,Nkhotakota Boma
104,AFRMWI103,Nkhata Bay,AFRMWI1,Northern,AFRMWI10301,TA Kabunduli
105,AFRMWI103,Nkhata Bay,AFRMWI1,Northern,AFRMWI10302,TA Fukamapiri
106,AFRMWI311,Nsanje,AFRMWI3,Southern,AFRMWI31103,TA Nyachikadza
107,AFRMWI311,Nsanje,AFRMWI3,Southern,AFRMWI31104,TA Mlolo
108,AFRMWI311,Nsanje,AFRMWI3,Southern,AFRMWI31105,TA Tengani
109,AFRMWI311,Nsanje,AFRMWI3,Southern,AFRMWI31106,TA Mbenje
110,AFRMWI311,Nsanje,AFRMWI3,Southern,AFRMWI31107,TA Malemia
111,AFRMWI311,Nsanje,AFRMWI3,Southern,AFRMWI31109,STA Makoko
112,AFRMWI311,Nsanje,AFRMWI3,Southern,AFRMWI31110,Mwabvi Game Reserve
113,AFRMWI311,Nsanje,AFRMWI3,Southern,AFRMWI31108,TA Ngabu
114,AFRMWI202,Nkhotakota,AFRMWI2,Central,AFRMWI20201,TA Kanyenda
115,AFRMWI202,Nkhotakota,AFRMWI2,Central,AFRMWI20202,STA Kafuzila
116,AFRMWI202,Nkhotakota,AFRMWI2,Central,AFRMWI20203,TA Malenga Chanzi
117,AFRMWI202,Nkhotakota,AFRMWI2,Central,AFRMWI20204,STA Mphonde
118,AFRMWI202,Nkhotakota,AFRMWI2,Central,AFRMWI20205,TA Mwadzama
119,AFRMWI202,Nkhotakota,AFRMWI2,Central,AFRMWI20206,TA Mwansambo
120,AFRMWI202,Nkhotakota,AFRMWI2,Central,AFRMWI20207,Nkhotakota Game Reserve
121,AFRMWI103,Nkhata Bay,AFRMWI1,Northern,AFRMWI10303,TA Malenga Mzoma
122,AFRMWI103,Nkhata Bay,AFRMWI1,Northern,AFRMWI10304,STA Malanda
123,AFRMWI103,Nkhata Bay,AFRMWI1,Northern,AFRMWI10305,STA Zilakoma
124,AFRMWI103,Nkhata Bay,AFRMWI1,Northern,AFRMWI10306,TA Mankhambira
125,AFRMWI103,Nkhata Bay,AFRMWI1,Northern,AFRMWI10307,STA Fukamalaza
126,AFRMWI103,Nkhata Bay,AFRMWI1,Northern,AFRMWI10308,STA Mkumbira
127,AFRMWI103,Nkhata Bay,AFRMWI1,Northern,AFRMWI10309,TA Musisya
128,AFRMWI103,Nkhata Bay,AFRMWI1,Northern,AFRMWI10310,STA Nyaluwanga
129,AFRMWI103,Nkhata Bay,AFRMWI1,Northern,AFRMWI10311,STA Mkondowe
130,AFRMWI103,Nkhata Bay,AFRMWI1,Northern,AFRMWI10312,TA Timbiri
131,AFRMWI103,Nkhata Bay,AFRMWI1,Northern,AFRMWI10313,TA Boghoyo
132,AFRMWI107,Mzuzu City,AFRMWI1,Northern,AFRMWI10736,Mchengautuwa ward
133,AFRMWI103,Nkhata Bay,AFRMWI1,Northern,AFRMWI10320,Nkhata Bay Boma
134,AFRMWI313,Neno,AFRMWI3,Southern,AFRMWI31301,TA Dambe
135,AFRMWI313,Neno,AFRMWI3,Southern,AFRMWI31302,TA Mlauli
136,AFRMWI313,Neno,AFRMWI3,Southern,AFRMWI31303,TA Symon
137,AFRMWI313,Neno,AFRMWI3,Southern,AFRMWI31304,TA Ngozi
138,AFRMWI107,Mzuzu City,AFRMWI1,Northern,AFRMWI10731,Nkhorongo ward
139,AFRMWI313,Neno,AFRMWI3,Southern,AFRMWI31305,Majete Game Reserve
140,AFRMWI313,Neno,AFRMWI3,Southern,AFRMWI31320,Neno Boma
141,AFRMWI107,Mzuzu City,AFRMWI1,Northern,AFRMWI10735,Chibanja ward
142,AFRMWI107,Mzuzu City,AFRMWI1,Northern,AFRMWI10732,Lupaso ward
143,AFRMWI107,Mzuzu City,AFRMWI1,Northern,AFRMWI10733,Zolozolo ward
144,AFRMWI107,Mzuzu City,AFRMWI1,Northern,AFRMWI10734,Chiputula ward
145,AFRMWI107,Mzuzu City,AFRMWI1,Northern,AFRMWI10737,Katoto ward
146,AFRMWI107,Mzuzu City,AFRMWI1,Northern,AFRMWI10738,Jombo ward
147,AFRMWI107,Mzuzu City,AFRMWI1,Northern,AFRMWI10739,Mzilawayingwe ward
148,AFRMWI107,Mzuzu City,AFRMWI1,Northern,AFRMWI10740,Chasefu ward
149,AFRMWI107,Mzuzu City,AFRMWI1,Northern,AFRMWI10741,Katawa ward
150,AFRMWI107,Mzuzu City,AFRMWI1,Northern,AFRMWI10742,Masasa ward
151,AFRMWI107,Mzuzu City,AFRMWI1,Northern,AFRMWI10743,Kaning'ina ward
152,AFRMWI107,Mzuzu City,AFRMWI1,Northern,AFRMWI10744,Viphya ward
153,AFRMWI107,Mzuzu City,AFRMWI1,Northern,AFRMWI10745,Msongwe ward
154,AFRMWI105,Mzimba,AFRMWI1,Northern,AFRMWI10520,Mzimba Boma
155,AFRMWI306,Mwanza,AFRMWI3,Southern,AFRMWI30601,TA Kanduku
156,AFRMWI306,Mwanza,AFRMWI3,Southern,AFRMWI30602,TA Nthache
157,AFRMWI107,Mzuzu City,AFRMWI1,Northern,AFRMWI10746,New airport Site ward
158,AFRMWI105,Mzimba,AFRMWI1,Northern,AFRMWI10501,TA M'mbelwa
159,AFRMWI105,Mzimba,AFRMWI1,Northern,AFRMWI10502,TA Mtwalo
160,AFRMWI105,Mzimba,AFRMWI1,Northern,AFRMWI10503,S/C Kampingo Sibande
161,AFRMWI306,Mwanza,AFRMWI3,Southern,AFRMWI30620,Mwanza Boma
162,AFRMWI308,Mulanje,AFRMWI3,Southern,AFRMWI30801,TA Mabuka
163,AFRMWI308,Mulanje,AFRMWI3,Southern,AFRMWI30802,Laston Njema
164,AFRMWI308,Mulanje,AFRMWI3,Southern,AFRMWI30803,TA Chikumbu
165,AFRMWI308,Mulanje,AFRMWI3,Southern,AFRMWI30804,TA Nthiramanja
166,AFRMWI105,Mzimba,AFRMWI1,Northern,AFRMWI10504,S/c Jaravikuba Munthali
167,AFRMWI105,Mzimba,AFRMWI1,Northern,AFRMWI10505,TA Chindi
168,AFRMWI105,Mzimba,AFRMWI1,Northern,AFRMWI10506,TA Mzikubola
169,AFRMWI105,Mzimba,AFRMWI1,Northern,AFRMWI10507,TA Mabulabo
170,AFRMWI105,Mzimba,AFRMWI1,Northern,AFRMWI10508,SC Khosolo Gwaza Jere
171,AFRMWI105,Mzimba,AFRMWI1,Northern,AFRMWI10509,TA Mpherembe
172,AFRMWI105,Mzimba,AFRMWI1,Northern,AFRMWI10510,TA Mzukuzuku
173,AFRMWI105,Mzimba,AFRMWI1,Northern,AFRMWI10511,Vwaza G.Reserve
174,AFRMWI308,Mulanje,AFRMWI3,Southern,AFRMWI30820,Mulanje Boma
175,AFRMWI207,Mchinji,AFRMWI2,Central,AFRMWI20701,TA Mlonyeni
176,AFRMWI207,Mchinji,AFRMWI2,Central,AFRMWI20702,STA Mavwere
177,AFRMWI207,Mchinji,AFRMWI2,Central,AFRMWI20703,TA Zulu
178,AFRMWI207,Mchinji,AFRMWI2,Central,AFRMWI20704,STA Mduwa
179,AFRMWI207,Mchinji,AFRMWI2,Central,AFRMWI20705,TA Mkanda
180,AFRMWI207,Mchinji,AFRMWI2,Central,AFRMWI20706,STA  Dambe
181,AFRMWI207,Mchinji,AFRMWI2,Central,AFRMWI20720,Mchinji Boma
182,AFRMWI301,Mangochi,AFRMWI3,Southern,AFRMWI30101,TA Mponda
183,AFRMWI301,Mangochi,AFRMWI3,Southern,AFRMWI30102,TA Chimwala
184,AFRMWI301,Mangochi,AFRMWI3,Southern,AFRMWI30103,TA Nankumba
185,AFRMWI301,Mangochi,AFRMWI3,Southern,AFRMWI30104,TA Jalasi
186,AFRMWI301,Mangochi,AFRMWI3,Southern,AFRMWI30105,TA Mbwana Nyambi
187,AFRMWI301,Mangochi,AFRMWI3,Southern,AFRMWI30106,TA Chowe
188,AFRMWI301,Mangochi,AFRMWI3,Southern,AFRMWI30107,TA Katuli
189,AFRMWI301,Mangochi,AFRMWI3,Southern,AFRMWI30108,TA Makanjila
190,AFRMWI301,Mangochi,AFRMWI3,Southern,AFRMWI30109,STA Namabvi
191,AFRMWI301,Mangochi,AFRMWI3,Southern,AFRMWI30111,Lake Malawi National Park
192,AFRMWI301,Mangochi,AFRMWI3,Southern,AFRMWI30121,Monkey Bay Urban
193,AFRMWI301,Mangochi,AFRMWI3,Southern,AFRMWI30199,Lake Malombe
194,AFRMWI302,Machinga,AFRMWI3,Southern,AFRMWI30201,TA Liwonde
195,AFRMWI302,Machinga,AFRMWI3,Southern,AFRMWI30202,TA Sitola
196,AFRMWI302,Machinga,AFRMWI3,Southern,AFRMWI30203,Senior TA Kawinga
197,AFRMWI302,Machinga,AFRMWI3,Southern,AFRMWI30204,TA Chamba
198,AFRMWI302,Machinga,AFRMWI3,Southern,AFRMWI30205,TA Mposa
199,AFRMWI302,Machinga,AFRMWI3,Southern,AFRMWI30206,TA Mlomba
200,AFRMWI302,Machinga,AFRMWI3,Southern,AFRMWI30207,TA Chikweo
201,AFRMWI302,Machinga,AFRMWI3,Southern,AFRMWI30222,Liwonde Township
202,AFRMWI302,Machinga,AFRMWI3,Southern,AFRMWI30208,TA Ngokwe
203,AFRMWI206,Lilongwe,AFRMWI2,Central,AFRMWI20603,TA Chiseka
204,AFRMWI206,Lilongwe,AFRMWI2,Central,AFRMWI20604,TA Mazengera
205,AFRMWI206,Lilongwe,AFRMWI2,Central,AFRMWI20605,STA Chitekwele
206,AFRMWI206,Lilongwe,AFRMWI2,Central,AFRMWI20606,TA Khongoni
207,AFRMWI206,Lilongwe,AFRMWI2,Central,AFRMWI20607,TA Chimutu
208,AFRMWI206,Lilongwe,AFRMWI2,Central,AFRMWI20608,TA Chitukula
209,AFRMWI206,Lilongwe,AFRMWI2,Central,AFRMWI20609,STA  Mtema
210,AFRMWI206,Lilongwe,AFRMWI2,Central,AFRMWI20610,TA Kalumbu
211,AFRMWI206,Lilongwe,AFRMWI2,Central,AFRMWI20611,STA Tsabango
212,AFRMWI210,Lilongwe City,AFRMWI2,Central,AFRMWI21062,Area 32
213,AFRMWI302,Machinga,AFRMWI3,Southern,AFRMWI30209,STA Chiwalo
214,AFRMWI302,Machinga,AFRMWI3,Southern,AFRMWI30210,TA Nyambi
215,AFRMWI302,Machinga,AFRMWI3,Southern,AFRMWI30213,Liwonde National Park
216,AFRMWI302,Machinga,AFRMWI3,Southern,AFRMWI30299,Lake Chiuta
217,AFRMWI206,Lilongwe,AFRMWI2,Central,AFRMWI20601,TA Chadza
218,AFRMWI206,Lilongwe,AFRMWI2,Central,AFRMWI20602,TA Kalolo
219,AFRMWI206,Lilongwe,AFRMWI2,Central,AFRMWI20612,TA Kalumba
220,AFRMWI206,Lilongwe,AFRMWI2,Central,AFRMWI20613,STA Njewa
221,AFRMWI206,Lilongwe,AFRMWI2,Central,AFRMWI20614,TA Malili
222,AFRMWI206,Lilongwe,AFRMWI2,Central,AFRMWI20615,TA Kabudula
223,AFRMWI210,Lilongwe City,AFRMWI2,Central,AFRMWI21049,Area 19
224,AFRMWI210,Lilongwe City,AFRMWI2,Central,AFRMWI21031,Area 1
225,AFRMWI210,Lilongwe City,AFRMWI2,Central,AFRMWI21032,Area 2
226,AFRMWI210,Lilongwe City,AFRMWI2,Central,AFRMWI21050,Area 20
227,AFRMWI210,Lilongwe City,AFRMWI2,Central,AFRMWI21033,Area 3
228,AFRMWI210,Lilongwe City,AFRMWI2,Central,AFRMWI21051,Area 21
229,AFRMWI210,Lilongwe City,AFRMWI2,Central,AFRMWI21034,Area 4
230,AFRMWI210,Lilongwe City,AFRMWI2,Central,AFRMWI21035,Area 5
231,AFRMWI210,Lilongwe City,AFRMWI2,Central,AFRMWI21036,Area 6
232,AFRMWI210,Lilongwe City,AFRMWI2,Central,AFRMWI21037,Area 7
233,AFRMWI210,Lilongwe City,AFRMWI2,Central,AFRMWI21052,Area 22
234,AFRMWI210,Lilongwe City,AFRMWI2,Central,AFRMWI21038,Area 8
235,AFRMWI210,Lilongwe City,AFRMWI2,Central,AFRMWI21039,Area 9
236,AFRMWI210,Lilongwe City,AFRMWI2,Central,AFRMWI21053,Area 23
237,AFRMWI210,Lilongwe City,AFRMWI2,Central,AFRMWI21040,Area 10
238,AFRMWI210,Lilongwe City,AFRMWI2,Central,AFRMWI21041,Area 11
239,AFRMWI210,Lilongwe City,AFRMWI2,Central,AFRMWI21042,Area 12
240,AFRMWI210,Lilongwe City,AFRMWI2,Central,AFRMWI21043,Area 13
241,AFRMWI210,Lilongwe City,AFRMWI2,Central,AFRMWI21044,Area 14
242,AFRMWI210,Lilongwe City,AFRMWI2,Central,AFRMWI21045,Area 15
243,AFRMWI210,Lilongwe City,AFRMWI2,Central,AFRMWI21046,Area 16
244,AFRMWI210,Lilongwe City,AFRMWI2,Central,AFRMWI21047,Area 17
245,AFRMWI210,Lilongwe City,AFRMWI2,Central,AFRMWI21048,Area 18
246,AFRMWI210,Lilongwe City,AFRMWI2,Central,AFRMWI21060,Area 30
247,AFRMWI210,Lilongwe City,AFRMWI2,Central,AFRMWI21061,Area 31
248,AFRMWI210,Lilongwe City,AFRMWI2,Central,AFRMWI21066,Area 36
249,AFRMWI210,Lilongwe City,AFRMWI2,Central,AFRMWI21063,Area 33
250,AFRMWI210,Lilongwe City,AFRMWI2,Central,AFRMWI21064,Area 34
251,AFRMWI210,Lilongwe City,AFRMWI2,Central,AFRMWI21065,Area 35
252,AFRMWI210,Lilongwe City,AFRMWI2,Central,AFRMWI21067,Area 37
253,AFRMWI210,Lilongwe City,AFRMWI2,Central,AFRMWI21068,Area 38
254,AFRMWI210,Lilongwe City,AFRMWI2,Central,AFRMWI21071,Area 41
255,AFRMWI210,Lilongwe City,AFRMWI2,Central,AFRMWI21072,Area 42
256,AFRMWI210,Lilongwe City,AFRMWI2,Central,AFRMWI21073,Area 43
257,AFRMWI210,Lilongwe City,AFRMWI2,Central,AFRMWI21074,Area 44
258,AFRMWI210,Lilongwe City,AFRMWI2,Central,AFRMWI21069,Area 39
259,AFRMWI210,Lilongwe City,AFRMWI2,Central,AFRMWI21070,Area 40
260,AFRMWI210,Lilongwe City,AFRMWI2,Central,AFRMWI21075,Area 45
261,AFRMWI210,Lilongwe City,AFRMWI2,Central,AFRMWI21088,Area 58
262,AFRMWI106,Likoma,AFRMWI1,Northern,AFRMWI10601,TA Mkumpha
263,AFRMWI210,Lilongwe City,AFRMWI2,Central,AFRMWI21076,Area 46
264,AFRMWI210,Lilongwe City,AFRMWI2,Central,AFRMWI21077,Area 47
265,AFRMWI106,Likoma,AFRMWI1,Northern,AFRMWI10620,Likoma Boma
266,AFRMWI201,Kasungu,AFRMWI2,Central,AFRMWI20101,TA Kaluluma
267,AFRMWI201,Kasungu,AFRMWI2,Central,AFRMWI20102,STA Simlemba
268,AFRMWI201,Kasungu,AFRMWI2,Central,AFRMWI20103,STA M'nyanja
269,AFRMWI201,Kasungu,AFRMWI2,Central,AFRMWI20104,STA Chisikwa
270,AFRMWI210,Lilongwe City,AFRMWI2,Central,AFRMWI21078,Area 48
271,AFRMWI210,Lilongwe City,AFRMWI2,Central,AFRMWI21079,Area 49
272,AFRMWI210,Lilongwe City,AFRMWI2,Central,AFRMWI21080,Area 50
273,AFRMWI210,Lilongwe City,AFRMWI2,Central,AFRMWI21081,Area 51
274,AFRMWI210,Lilongwe City,AFRMWI2,Central,AFRMWI21082,Area 52
275,AFRMWI210,Lilongwe City,AFRMWI2,Central,AFRMWI21083,Area 53
276,AFRMWI210,Lilongwe City,AFRMWI2,Central,AFRMWI21084,Area 54
277,AFRMWI210,Lilongwe City,AFRMWI2,Central,AFRMWI21085,Area 55
278,AFRMWI201,Kasungu,AFRMWI2,Central,AFRMWI20105,TA Kaomba
279,AFRMWI201,Kasungu,AFRMWI2,Central,AFRMWI20106,TA Lukwa
280,AFRMWI201,Kasungu,AFRMWI2,Central,AFRMWI20107,STA Kawamba
281,AFRMWI201,Kasungu,AFRMWI2,Central,AFRMWI20108,STA Njombwa
282,AFRMWI201,Kasungu,AFRMWI2,Central,AFRMWI20109,STA Chilowamatambe
283,AFRMWI201,Kasungu,AFRMWI2,Central,AFRMWI20110,TA Chulu
284,AFRMWI201,Kasungu,AFRMWI2,Central,AFRMWI20111,TA Santhe
285,AFRMWI201,Kasungu,AFRMWI2,Central,AFRMWI20112,TA Wimbe
286,AFRMWI201,Kasungu,AFRMWI2,Central,AFRMWI20113,TA Kapelula
287,AFRMWI201,Kasungu,AFRMWI2,Central,AFRMWI20114,Kasungu National Park
288,AFRMWI201,Kasungu,AFRMWI2,Central,AFRMWI20115,TA Mwase
289,AFRMWI310,Chikhwawa,AFRMWI3,Southern,AFRMWI31020,Chikwawa Boma
290,AFRMWI315,Blantyre City,AFRMWI3,Southern,AFRMWI31531,Michiru Ward
291,AFRMWI315,Blantyre City,AFRMWI3,Southern,AFRMWI31532,South Lunzu Ward
292,AFRMWI315,Blantyre City,AFRMWI3,Southern,AFRMWI31533,Mapanga Ward
293,AFRMWI315,Blantyre City,AFRMWI3,Southern,AFRMWI31534,Nkolokoti Ward
294,AFRMWI315,Blantyre City,AFRMWI3,Southern,AFRMWI31535,Ndirande Norh Ward
295,AFRMWI315,Blantyre City,AFRMWI3,Southern,AFRMWI31536,Ndirande South Ward
296,AFRMWI315,Blantyre City,AFRMWI3,Southern,AFRMWI31537,Ndirande West Ward
297,AFRMWI210,Lilongwe City,AFRMWI2,Central,AFRMWI21086,Area 56
298,AFRMWI210,Lilongwe City,AFRMWI2,Central,AFRMWI21087,Area 57
299,AFRMWI208,Dedza,AFRMWI2,Central,AFRMWI20801,TA Pemba
300,AFRMWI201,Kasungu,AFRMWI2,Central,AFRMWI20120,Kasungu Township
301,AFRMWI102,Karonga,AFRMWI1,Northern,AFRMWI10201,TA Kilupula
302,AFRMWI102,Karonga,AFRMWI1,Northern,AFRMWI10202,STA Mwakaboko
303,AFRMWI102,Karonga,AFRMWI1,Northern,AFRMWI10203,TA Kyungu
304,AFRMWI102,Karonga,AFRMWI1,Northern,AFRMWI10204,T A Wasambo
305,AFRMWI102,Karonga,AFRMWI1,Northern,AFRMWI10205,STA Mwirang'ombe
306,AFRMWI208,Dedza,AFRMWI2,Central,AFRMWI20802,STA Chilikumwendo
307,AFRMWI208,Dedza,AFRMWI2,Central,AFRMWI20803,TA Kaphuka
308,AFRMWI208,Dedza,AFRMWI2,Central,AFRMWI20804,TA Tambala
309,AFRMWI315,Blantyre City,AFRMWI3,Southern,AFRMWI31538,Nyambadwe Ward
310,AFRMWI315,Blantyre City,AFRMWI3,Southern,AFRMWI31539,Likhubula Ward
311,AFRMWI102,Karonga,AFRMWI1,Northern,AFRMWI10206,Nyika National Park-Karonga
312,AFRMWI208,Dedza,AFRMWI2,Central,AFRMWI20820,Dedza Boma
313,AFRMWI102,Karonga,AFRMWI1,Northern,AFRMWI10220,Karonga Town
314,AFRMWI204,Dowa,AFRMWI2,Central,AFRMWI20401,TA Dzoole
315,AFRMWI204,Dowa,AFRMWI2,Central,AFRMWI20402,STA Chakhaza
316,AFRMWI204,Dowa,AFRMWI2,Central,AFRMWI20403,TA Kayembe
317,AFRMWI204,Dowa,AFRMWI2,Central,AFRMWI20404,TA Chiwere
318,AFRMWI204,Dowa,AFRMWI2,Central,AFRMWI20405,STA Mkukula
319,AFRMWI204,Dowa,AFRMWI2,Central,AFRMWI20406,TA Msakambewa
320,AFRMWI204,Dowa,AFRMWI2,Central,AFRMWI20420,Dowa Boma
321,AFRMWI204,Dowa,AFRMWI2,Central,AFRMWI20407,STA Mponela
322,AFRMWI208,Dedza,AFRMWI2,Central,AFRMWI20805,S/C Chauma
323,AFRMWI208,Dedza,AFRMWI2,Central,AFRMWI20806,TA Kasumbu
324,AFRMWI208,Dedza,AFRMWI2,Central,AFRMWI20807,TA Kachindamoto
325,AFRMWI208,Dedza,AFRMWI2,Central,AFRMWI20808,S/C Kamenya Gwaza
326,AFRMWI101,Chitipa,AFRMWI1,Northern,AFRMWI10101,TA Mwabulambya
327,AFRMWI101,Chitipa,AFRMWI1,Northern,AFRMWI10102,TA Mwenemisuku
328,AFRMWI101,Chitipa,AFRMWI1,Northern,AFRMWI10103,TA Mwenewenya
329,AFRMWI101,Chitipa,AFRMWI1,Northern,AFRMWI10104,TA Nthalire
330,AFRMWI304,Chiradzulu,AFRMWI3,Southern,AFRMWI30402,TA Likoswe
331,AFRMWI304,Chiradzulu,AFRMWI3,Southern,AFRMWI30403,TA Kadewere
332,AFRMWI304,Chiradzulu,AFRMWI3,Southern,AFRMWI30404,TA Nkalo
333,AFRMWI304,Chiradzulu,AFRMWI3,Southern,AFRMWI30405,TA Chitera
334,AFRMWI304,Chiradzulu,AFRMWI3,Southern,AFRMWI30406,TA Nchema
335,AFRMWI304,Chiradzulu,AFRMWI3,Southern,AFRMWI30420,Chiradzulu Boma
336,AFRMWI310,Chikhwawa,AFRMWI3,Southern,AFRMWI31001,TA Ngabu
337,AFRMWI310,Chikhwawa,AFRMWI3,Southern,AFRMWI31002,TA Lundu
338,AFRMWI310,Chikhwawa,AFRMWI3,Southern,AFRMWI31003,TA Chapananga
339,AFRMWI310,Chikhwawa,AFRMWI3,Southern,AFRMWI31004,TA Maseya
340,AFRMWI310,Chikhwawa,AFRMWI3,Southern,AFRMWI31005,TA Katunga
341,AFRMWI310,Chikhwawa,AFRMWI3,Southern,AFRMWI31006,TA Kasisi
342,AFRMWI310,Chikhwawa,AFRMWI3,Southern,AFRMWI31007,TA Makhwira
343,AFRMWI315,Blantyre City,AFRMWI3,Southern,AFRMWI31540,Chilomoni Ward
344,AFRMWI315,Blantyre City,AFRMWI3,Southern,AFRMWI31541,Blantyre West Ward
345,AFRMWI315,Blantyre City,AFRMWI3,Southern,AFRMWI31544,Chichiri Ward
346,AFRMWI315,Blantyre City,AFRMWI3,Southern,AFRMWI31542,Blantyre Central Ward
347,AFRMWI315,Blantyre City,AFRMWI3,Southern,AFRMWI31543,Blantyre East Ward
348,AFRMWI315,Blantyre City,AFRMWI3,Southern,AFRMWI31545,Mzedi Ward
349,AFRMWI315,Blantyre City,AFRMWI3,Southern,AFRMWI31546,Bangwe Ward
350,AFRMWI315,Blantyre City,AFRMWI3,Southern,AFRMWI31547,Namiyango Ward
351,AFRMWI315,Blantyre City,AFRMWI3,Southern,AFRMWI31548,Limbe East Ward
352,AFRMWI315,Blantyre City,AFRMWI3,Southern,AFRMWI31549,Limbe Central Ward
353,AFRMWI315,Blantyre City,AFRMWI3,Southern,AFRMWI31550,Limbe west Ward
354,AFRMWI315,Blantyre City,AFRMWI3,Southern,AFRMWI31551,Soche East Ward
355,AFRMWI315,Blantyre City,AFRMWI3,Southern,AFRMWI31552,Soche West Ward
356,AFRMWI315,Blantyre City,AFRMWI3,Southern,AFRMWI31553,Nancholi Ward
357,AFRMWI315,Blantyre City,AFRMWI3,Southern,AFRMWI31554,Misesa
358,AFRMWI315,Blantyre City,AFRMWI3,Southern,AFRMWI31555,Chigumula Ward
359,AFRMWI315,Blantyre City,AFRMWI3,Southern,AFRMWI31556,Msamba Ward
360,AFRMWI305,Blantyre,AFRMWI3,Southern,AFRMWI30501,Senior TA Kapeni
361,AFRMWI305,Blantyre,AFRMWI3,Southern,AFRMWI30502,TA Lundu
362,AFRMWI305,Blantyre,AFRMWI3,Southern,AFRMWI30503,TA Chigaru
363,AFRMWI305,Blantyre,AFRMWI3,Southern,AFRMWI30504,TA Kunthembwe
364,AFRMWI305,Blantyre,AFRMWI3,Southern,AFRMWI30505,TA Makata
365,AFRMWI305,Blantyre,AFRMWI3,Southern,AFRMWI30506,TA Kuntaja
366,AFRMWI305,Blantyre,AFRMWI3,Southern,AFRMWI30507,TA Machinjili
367,AFRMWI305,Blantyre,AFRMWI3,Southern,AFRMWI30508,TA Somba
